ts,symbol,tf,side,price,amount,notional,mode,p,why,order_id,fee
1756476586499,AAPL,15m,BUY,231.61000061035156,0.10794007138775791,25.0,live,0.6426252722740173,,,0.0
1756476592263,AAPL,1h,BUY,231.60769653320312,0.10794114519599315,25.0,live,0.6195514798164368,,,0.0
1756476597581,AAPL,4h,BUY,231.69900512695312,0.10789860744676885,25.0,live,0.5408577919006348,,,0.0
1756476603552,ADAUSDT,15m,BUY,0.8209,30.454379339749057,25.0,live,0.5610057711601257,,,0.0
1756476609132,ADAUSDT,1h,BUY,0.8218,30.42102701387199,25.0,live,0.529003381729126,,,0.0
1756476636229,BTCUSDT,15m,BUY,108849.55,0.00022967481261980413,25.0,live,0.5629668235778809,,,0.0
1756476640851,BTCUSDT,1h,BUY,108851.8,0.0002296700651711777,25.0,live,0.5815337896347046,,,0.0
1756476644997,BTCUSDT,4h,BUY,108860.0,0.00022965276501929084,25.0,live,0.562637448310852,,,0.0
1756476661158,ETHUSDT,15m,BUY,4287.81,0.005830482227524074,25.0,live,0.5307257175445557,,,0.0
1756476666321,ETHUSDT,1h,BUY,4289.15,0.005828660690346573,25.0,live,0.5613588690757751,,,0.0
1756476670649,ETHUSDT,4h,BUY,4287.38,0.005831066991962457,25.0,live,0.6175700426101685,,,0.0
1756476675240,EURUSD,15m,BUY,1.1683608293533325,21.39749927583336,24.999999999999996,live,0.7376977801322937,,,0.0
1756476680096,EURUSD,1h,SELL,1.1683608293533325,21.39749927583336,24.999999999999996,live,0.3544216752052307,,,0.0
1756476684430,EURUSD,4h,BUY,1.1683608293533325,21.39749927583336,24.999999999999996,live,0.5203329920768738,,,0.0
1756476689389,GBPUSD,15m,SELL,1.347563624382019,18.55199973319611,25.0,live,0.4654877185821533,,,0.0
1756476694095,GBPUSD,1h,SELL,1.347563624382019,18.55199973319611,25.0,live,0.4716407358646393,,,0.0
1756476698763,GBPUSD,4h,BUY,1.347563624382019,18.55199973319611,25.0,live,0.6440384984016418,,,0.0
1756476703547,NVDA,15m,BUY,174.4149932861328,0.1433363011343112,25.0,live,0.6452274322509766,,,0.0
1756476713222,NVDA,4h,BUY,174.47999572753906,0.14328290126186727,25.000000000000004,live,0.7765176296234131,,,0.0
1756476717895,SOLUSDT,15m,BUY,207.98,0.12020386575632273,25.0,live,0.5254566669464111,,,0.0
1756476722294,SOLUSDT,1h,BUY,207.91,0.12024433649175124,25.0,live,0.53387850522995,,,0.0
1756476726604,SOLUSDT,4h,BUY,207.99,0.12019808644646376,25.0,live,0.5243707895278931,,,0.0
1756476730716,TSLA,15m,BUY,339.0653991699219,0.07373208844430423,25.0,live,0.5630496144294739,,,0.0
1756476740988,TSLA,4h,BUY,338.82000732421875,0.0737854892260756,24.999999999999996,live,0.5854847431182861,,,0.0
1756476746088,US100,15m,BUY,23394.94921875,0.0010686067221707678,25.000000000000004,live,0.6040138006210327,,,0.0
1756476750510,US100,1h,SELL,23395.525390625,0.0010685804051238765,25.0,live,0.32300901412963867,,,0.0
1756476754911,US100,4h,BUY,23400.423828125,0.0010683567179647605,25.0,live,0.6753074526786804,,,0.0
1756476759422,US500,15m,BUY,6452.6298828125,0.0038743892729057755,25.0,live,0.6446682214736938,,,0.0
1756476763492,US500,1h,SELL,6452.5,0.0038744672607516468,25.0,live,0.42576855421066284,,,0.0
1756476768476,US500,4h,BUY,6452.56982421875,0.0038744253345645734,25.0,live,0.5249989032745361,,,0.0
1756476772689,XRPUSDT,15m,BUY,2.8294,8.835795575033575,25.0,live,0.6041247248649597,,,0.0
1756476777063,XRPUSDT,1h,BUY,2.8286,8.838294562681186,25.000000000000004,live,0.5869092345237732,,,0.0
1756476781118,XRPUSDT,4h,BUY,2.8291,8.83673252977979,25.0,live,0.6651952266693115,,,0.0
1756476845842,AAPL,15m,BUY,232.17640686035156,0.10767674604869258,25.0,live,0.6258065104484558,,,0.0
1756476850669,AAPL,1h,BUY,232.3300018310547,0.10760556020732723,25.0,live,0.5229374766349792,,,0.0
1756476858750,ADAUSDT,15m,BUY,0.8255,30.28467595396729,25.0,live,0.5479573011398315,,,0.0
1756476883328,BTCUSDT,15m,BUY,108766.01,0.00022985121914465744,25.0,live,0.5784826278686523,,,0.0
1756476887905,BTCUSDT,1h,BUY,108790.91,0.00022979861093174052,25.0,live,0.5775782465934753,,,0.0
1756476893602,BTCUSDT,4h,BUY,108790.91,0.00022979861093174052,25.0,live,0.523457407951355,,,0.0
1756476909675,ETHUSDT,15m,BUY,4282.56,0.005837629828887394,25.0,live,0.5896944403648376,,,0.0
1756476915677,ETHUSDT,1h,BUY,4278.28,0.005843469805622821,25.0,live,0.5409861207008362,,,0.0
1756476919880,ETHUSDT,4h,BUY,4277.5,0.0058445353594389245,25.0,live,0.6321983933448792,,,0.0
1756476924323,EURUSD,15m,BUY,1.1682243347167969,21.39999934692385,25.0,live,0.634931743144989,,,0.0
1756476928970,EURUSD,1h,SELL,1.1682243347167969,21.39999934692385,25.0,live,0.44252413511276245,,,0.0
1756476949763,AAPL,1h,BUY,232.07000732421875,0.10772611371995681,25.0,live,0.6171543598175049,,,0.0
1756476955766,AAPL,4h,SELL,232.0800018310547,0.10772147450343024,25.0,live,0.37487131357192993,,,0.0
1756476960840,ADAUSDT,15m,BUY,0.8223,30.402529490453606,25.0,live,0.526944100856781,,,0.0
1756476965869,ADAUSDT,1h,BUY,0.8241,30.336124256764954,25.0,live,0.5246797204017639,,,0.0
1756476987696,BTCUSDT,15m,BUY,108445.99,0.0002305295013674549,25.0,live,0.6116176843643188,,,0.0
1756476992792,BTCUSDT,1h,BUY,108486.3,0.00023044384406141605,25.0,live,0.5929362177848816,,,0.0
1756476997398,BTCUSDT,4h,BUY,108509.82,0.00023039389430375978,25.0,live,0.536848783493042,,,0.0
1756477014626,ETHUSDT,15m,BUY,4281.06,0.0058396752206229295,25.0,live,0.5841200947761536,,,0.0
1756477019232,ETHUSDT,1h,BUY,4278.52,0.005843142021072707,25.0,live,0.539324939250946,,,0.0
1756477024495,ETHUSDT,4h,BUY,4281.45,0.005839143280897827,25.0,live,0.6341747045516968,,,0.0
1756477028870,EURUSD,15m,SELL,1.168770432472229,21.39000038452292,25.0,live,0.2848740220069885,,,0.0
1756477034014,EURUSD,1h,SELL,1.168770432472229,21.39000038452292,25.0,live,0.4486214220523834,,,0.0
1756477039209,EURUSD,4h,SELL,1.168770432472229,21.39000038452292,25.0,live,0.441718727350235,,,0.0
1756477048570,GBPUSD,1h,SELL,1.3478542566299438,18.547999442096803,25.0,live,0.4331184923648834,,,0.0
1756477053941,GBPUSD,4h,BUY,1.3478542566299438,18.547999442096803,25.0,live,0.6052152514457703,,,0.0
1756477058358,NVDA,15m,BUY,174.7677001953125,0.14304702740873243,25.0,live,0.6675066351890564,,,0.0
1756477063114,NVDA,1h,SELL,174.76499938964844,0.1430492380471509,25.0,live,0.4272461533546448,,,0.0
1756477067485,NVDA,4h,BUY,174.89010620117188,0.14294690845028765,25.0,live,0.714663565158844,,,0.0
1756477093068,AAPL,15m,BUY,232.11500549316406,0.10770522977126641,25.0,live,0.66859370470047,,,0.0
1756477097545,AAPL,1h,BUY,232.1800994873047,0.10767503354165359,25.0,live,0.6118846535682678,,,0.0
1756477102875,AAPL,4h,SELL,232.13999938964844,0.10769363343556033,25.0,live,0.425354927778244,,,0.0
1756477107411,ADAUSDT,15m,SELL,0.8276,30.207829869502174,25.0,live,0.4795951843261719,,,0.0
1756477115251,ADAUSDT,4h,BUY,0.8284,30.17865765330758,25.0,live,0.5397579669952393,,,0.0
1756477135631,BTCUSDT,15m,BUY,108862.01,0.0002296485247700277,25.0,live,0.5286890864372253,,,0.0
1756477140144,BTCUSDT,1h,BUY,108802.01,0.0002297751668374509,25.0,live,0.5599828958511353,,,0.0
1756477144470,BTCUSDT,4h,BUY,108793.27,0.0002297936260211684,25.0,live,0.5905926823616028,,,0.0
1756477166291,ETHUSDT,1h,BUY,4295.87,0.005819542956374379,25.0,live,0.5587912797927856,,,0.0
1756477170697,ETHUSDT,4h,BUY,4294.6,0.005821263912820751,25.0,live,0.6156650185585022,,,0.0
1756477175832,EURUSD,15m,SELL,1.1683608293533325,21.39749927583336,24.999999999999996,live,0.4661446213722229,,,0.0
1756477180810,EURUSD,1h,SELL,1.168770432472229,21.39000038452292,25.0,live,0.4486214220523834,,,0.0
1756477185110,EURUSD,4h,SELL,1.168770432472229,21.39000038452292,25.0,live,0.441718727350235,,,0.0
1756477189563,GBPUSD,15m,SELL,1.3476725816726685,18.550499832066897,25.0,live,0.473283052444458,,,0.0
1756477195860,GBPUSD,1h,SELL,1.3476725816726685,18.550499832066897,25.0,live,0.4792575538158417,,,0.0
1756477200519,GBPUSD,4h,BUY,1.3476725816726685,18.550499832066897,25.0,live,0.6249166131019592,,,0.0
1756477206534,NVDA,15m,BUY,175.0449981689453,0.1428204191008712,25.000000000000004,live,0.6706447005271912,,,0.0
1756477212062,NVDA,1h,SELL,175.13499450683594,0.14274702820186053,24.999999999999996,live,0.42155325412750244,,,0.0
1756477216641,NVDA,4h,BUY,175.19000244140625,0.14270220704153172,25.000000000000004,live,0.757881760597229,,,0.0
1756477225922,SOLUSDT,1h,SELL,210.23,0.11891737620701137,25.0,live,0.4525834023952484,,,0.0
1756477230785,SOLUSDT,4h,SELL,210.43,0.11880435299149361,25.0,live,0.4775393307209015,,,0.0
1756477235119,TSLA,15m,BUY,338.8572998046875,0.07377736886414914,25.0,live,0.6549249887466431,,,0.0
1756477239765,TSLA,1h,SELL,338.4800109863281,0.0738596052604412,24.999999999999996,live,0.4583916664123535,,,0.0
1756477244493,TSLA,4h,BUY,338.6000061035156,0.0738334304470068,25.0,live,0.719041109085083,,,0.0
1756486813361,ADAUSDT,15m,BUY,0.8207,30.461800901669307,25.0,live,0.5854437947273254,,,0.0
1756486819552,ADAUSDT,1h,BUY,0.8201,30.484087306426044,25.0,live,0.6552829146385193,,,0.0
1756486825512,ADAUSDT,4h,BUY,0.8202,30.480370641306997,25.0,live,0.7463548183441162,,,0.0
1756486829948,BTCUSDT,15m,SELL,108661.93,0.00023007137826467836,25.0,live,0.36201193928718567,,,0.0
1756486839224,BTCUSDT,4h,SELL,108654.28,0.0002300875768538524,25.0,live,0.4537217319011688,,,0.0
1756486843237,ETHUSDT,15m,BUY,4333.05,0.005769608012831608,25.0,live,0.5296592712402344,,,0.0
1756486847646,ETHUSDT,1h,BUY,4332.37,0.005770513598792347,25.0,live,0.8024328947067261,,,0.0
1756486891385,SOLUSDT,15m,SELL,204.28,0.1223810456236538,25.0,live,0.47790053486824036,,,0.0
1756486895304,SOLUSDT,1h,SELL,204.19,0.12243498702189137,25.0,live,0.36555325984954834,,,0.0
1756486899585,SOLUSDT,4h,SELL,204.14,0.12246497501714511,25.0,live,0.4062134623527527,,,0.0
1756486941469,XRPUSDT,15m,SELL,2.8375,8.81057268722467,25.000000000000004,live,0.4562389850616455,,,0.0
1756486945849,XRPUSDT,1h,SELL,2.8383,8.80808934925836,25.0,live,0.4510091543197632,,,0.0
1756486949885,XRPUSDT,4h,SELL,2.8384,8.807779030439685,25.0,live,0.3331318199634552,,,0.0
1756487028450,ADAUSDT,15m,BUY,0.8198,30.495242742132227,25.0,live,0.5854437947273254,,,0.0
1756487033555,ADAUSDT,1h,BUY,0.8198,30.495242742132227,25.0,live,0.6552829146385193,,,0.0
1756487037857,ADAUSDT,4h,BUY,0.8195,30.50640634533252,25.0,live,0.7463548183441162,,,0.0
1756487042809,BTCUSDT,15m,SELL,108559.16,0.0002302891805721415,25.0,live,0.36201193928718567,,,0.0
1756487053650,BTCUSDT,4h,SELL,108531.13,0.00023034865664809718,25.0,live,0.4537217319011688,,,0.0
1756487058852,ETHUSDT,15m,BUY,4332.05,0.005770939855264828,25.0,live,0.5296592712402344,,,0.0
1756487063805,ETHUSDT,1h,BUY,4332.18,0.005770766680978168,25.0,live,0.8024328947067261,,,0.0
1756487113960,SOLUSDT,1h,SELL,204.07,0.1225069828980252,25.0,live,0.37983816862106323,,,0.0
1756487119203,SOLUSDT,4h,SELL,204.02,0.1225370061758651,25.0,live,0.4038330614566803,,,0.0
1756487157912,XRPUSDT,15m,SELL,2.8276,8.841420285754705,25.000000000000004,live,0.4562389850616455,,,0.0
1756487162555,XRPUSDT,1h,SELL,2.8275,8.841732979664014,25.0,live,0.4510091543197632,,,0.0
1756487166810,XRPUSDT,4h,SELL,2.8275,8.841732979664014,25.0,live,0.3331318199634552,,,0.0
1756487242005,ADAUSDT,15m,BUY,0.8165,30.61849357011635,25.0,live,0.5870010852813721,,,0.0
1756487246489,ADAUSDT,1h,BUY,0.8164,30.622243998040176,25.0,live,0.6552829146385193,,,0.0
1756487250405,ADAUSDT,4h,BUY,0.8166,30.614744060739653,25.0,live,0.7463548183441162,,,0.0
1756487254653,BTCUSDT,15m,SELL,108464.3,0.0002304905853815495,25.0,live,0.36201193928718567,,,0.0
1756487263448,BTCUSDT,4h,SELL,108464.31,0.00023049056413118748,25.0,live,0.4537217319011688,,,0.0
1756487272763,ETHUSDT,1h,BUY,4328.34,0.00577588636752196,25.0,live,0.8024328947067261,,,0.0
1756487321264,SOLUSDT,1h,SELL,204.03,0.1225310003430868,25.0,live,0.37983816862106323,,,0.0
1756487325032,SOLUSDT,4h,SELL,204.02,0.1225370061758651,25.0,live,0.4038330614566803,,,0.0
1756487365057,XRPUSDT,15m,SELL,2.8254,8.84830466482622,25.000000000000004,live,0.4562389850616455,,,0.0
1756487369374,XRPUSDT,1h,SELL,2.8253,8.848617845892472,25.0,live,0.4510091543197632,,,0.0
1756487373336,XRPUSDT,4h,SELL,2.825,8.849557522123893,25.0,live,0.3331318199634552,,,0.0
1756491079928,AAPL,15m,BUY,232.38499450683594,0.10758009592252132,25.0,live,0.5213523507118225,,,0.0
1756491084461,AAPL,1h,SELL,232.33689880371094,0.10760236591227451,25.0,live,0.4521300196647644,,,0.0
1756491088516,AAPL,4h,SELL,232.33999633789062,0.10760093136802264,25.0,live,0.3972904086112976,,,0.0
1756491092768,ADAUSDT,15m,BUY,0.8188,30.532486565705913,25.0,live,0.5920379161834717,,,0.0
1756491096864,ADAUSDT,1h,BUY,0.8187,30.536215952119214,25.0,live,0.6552829146385193,,,0.0
1756491101300,ADAUSDT,4h,BUY,0.8185,30.543677458766034,25.0,live,0.7463548183441162,,,0.0
1756491105424,BTCUSDT,15m,SELL,108326.91,0.00023078291442080274,25.0,live,0.36201193928718567,,,0.0
1756491113124,BTCUSDT,4h,SELL,108357.42,0.00023071793329889178,25.0,live,0.4537217319011688,,,0.0
1756491121625,ETHUSDT,1h,BUY,4328.66,0.005775459380039089,25.0,live,0.8024328947067261,,,0.0
1756491133763,EURUSD,1h,SELL,1.1701380014419556,21.3650013666701,25.0,live,0.3930869698524475,,,0.0
1756491138067,EURUSD,4h,BUY,1.1701380014419556,21.3650013666701,25.0,live,0.7581359148025513,,,0.0
1756491146463,GBPUSD,1h,SELL,1.350621223449707,18.5100008543816,25.0,live,0.39402633905410767,,,0.0
1756491151419,GBPUSD,4h,SELL,1.350621223449707,18.5100008543816,25.0,live,0.43778496980667114,,,0.0
1756491161258,NVDA,1h,SELL,174.09579467773438,0.14359910327688877,25.0,live,0.42097213864326477,,,0.0
1756491167408,NVDA,4h,BUY,174.0850067138672,0.1436080020440299,25.0,live,0.5911418795585632,,,0.0
1756491175426,SOLUSDT,1h,SELL,202.48,0.12346898459107072,25.0,live,0.38064634799957275,,,0.0
1756491179751,SOLUSDT,4h,SELL,202.53,0.12343850293783637,25.0,live,0.41281241178512573,,,0.0
1756491183852,TSLA,15m,SELL,333.760009765625,0.07490412053126333,25.0,live,0.3656255900859833,,,0.0
1756491196045,US100,15m,SELL,23415.044921875,0.0010676896022797841,24.999999999999996,live,0.3462657630443573,,,0.0
1756491200680,US100,1h,SELL,23415.044921875,0.0010676896022797841,24.999999999999996,live,0.38321658968925476,,,0.0
1756491204970,US100,4h,BUY,23415.044921875,0.0010676896022797841,24.999999999999996,live,0.7154079675674438,,,0.0
1756491209246,US500,15m,SELL,6457.7998046875,0.003871287552434397,25.0,live,0.38519129157066345,,,0.0
1756491213423,US500,1h,SELL,6457.77001953125,0.003871305407964137,25.0,live,0.14229601621627808,,,0.0
1756491224167,AAPL,15m,BUY,232.39999389648438,0.10757315256701556,25.0,live,0.5213523507118225,,,0.0
1756491228511,AAPL,1h,SELL,232.38999938964844,0.10757777901656812,25.0,live,0.4521300196647644,,,0.0
1756491232757,AAPL,4h,SELL,232.36500549316406,0.10758935041419339,25.0,live,0.3963472843170166,,,0.0
1756491238014,ADAUSDT,15m,BUY,0.8181,30.558611416697225,25.0,live,0.5920379161834717,,,0.0
1756491242640,ADAUSDT,1h,BUY,0.818,30.56234718826406,25.0,live,0.6552829146385193,,,0.0
1756491247408,ADAUSDT,4h,BUY,0.8174,30.584781012967948,25.0,live,0.7463548183441162,,,0.0
1756491252875,BTCUSDT,15m,SELL,108354.0,0.00023072521549735128,25.0,live,0.36201193928718567,,,0.0
1756491264614,BTCUSDT,4h,SELL,108336.0,0.00023076355043568159,25.0,live,0.4537217319011688,,,0.0
1756491274655,ETHUSDT,1h,BUY,4327.16,0.005777461429667495,25.0,live,0.8024328947067261,,,0.0
1756491284492,EURUSD,15m,BUY,1.169864296913147,21.36999997860098,25.0,live,0.5237252116203308,,,0.0
1756491289972,EURUSD,1h,SELL,1.169864296913147,21.36999997860098,25.0,live,0.4049423635005951,,,0.0
1756491294816,EURUSD,4h,BUY,1.169864296913147,21.36999997860098,25.0,live,0.7606858611106873,,,0.0
1756491301465,GBPUSD,15m,BUY,1.35023832321167,18.51524991568535,24.999999999999996,live,0.5280349254608154,,,0.0
1756491307490,GBPUSD,1h,SELL,1.35023832321167,18.51524991568535,24.999999999999996,live,0.4149954319000244,,,0.0
1756491313380,GBPUSD,4h,SELL,1.35023832321167,18.51524991568535,24.999999999999996,live,0.43778496980667114,,,0.0
1756491318267,NVDA,15m,SELL,173.85369873046875,0.14379906888698607,25.0,live,0.46074220538139343,,,0.0
1756491323898,NVDA,1h,SELL,173.81329345703125,0.14383249694408617,25.0,live,0.41511157155036926,,,0.0
1756491328303,NVDA,4h,BUY,173.77000427246094,0.14386832816555326,25.0,live,0.5911418795585632,,,0.0
1756491332582,SOLUSDT,15m,SELL,202.73,0.123316726680807,25.0,live,0.46789687871932983,,,0.0
1756491337750,SOLUSDT,1h,SELL,202.77,0.12329240025644819,25.0,live,0.38064634799957275,,,0.0
1756491342004,SOLUSDT,4h,SELL,202.76,0.12329848096271455,25.0,live,0.4057052433490753,,,0.0
1756491346243,TSLA,15m,SELL,333.6700134277344,0.07492432341515895,25.0,live,0.38614821434020996,,,0.0
1756491358346,US100,15m,SELL,23411.49609375,0.001067851447848054,25.0,live,0.46639975905418396,,,0.0
1756491363418,US100,1h,SELL,23411.091796875,0.0010678698890641697,25.0,live,0.38321658968925476,,,0.0
1756491368581,US100,4h,BUY,23411.091796875,0.0010678698890641697,25.0,live,0.7154079675674438,,,0.0
1756491373962,US500,15m,SELL,6458.56005859375,0.00387083185310556,25.0,live,0.33198264241218567,,,0.0
1756491379031,US500,1h,SELL,6458.64013671875,0.0038707838601921255,25.0,live,0.14229601621627808,,,0.0
1756491383360,US500,4h,BUY,6458.89990234375,0.0038706281840547203,25.0,live,0.8719447255134583,,,0.0
1756491387429,XRPUSDT,15m,SELL,2.8181,8.871225293637558,25.0,live,0.4558027386665344,,,0.0
1756491391507,XRPUSDT,1h,SELL,2.8173,8.873744365172328,25.0,live,0.45071080327033997,,,0.0
1756491396019,XRPUSDT,4h,SELL,2.8174,8.873429402995669,24.999999999999996,live,0.3397481441497803,,,0.0
1756491460819,AAPL,15m,BUY,232.38600158691406,0.10757962970781533,25.0,live,0.5274302959442139,,,0.0
1756491466150,AAPL,1h,SELL,232.38499450683594,0.10758009592252132,25.0,live,0.4521300196647644,,,0.0
1756491471369,AAPL,4h,SELL,232.41000366210938,0.10756851945300253,25.0,live,0.3963472843170166,,,0.0
1756491475365,ADAUSDT,15m,BUY,0.8146,30.689909157868893,25.0,live,0.5773389339447021,,,0.0
1756491479330,ADAUSDT,1h,BUY,0.8146,30.689909157868893,25.0,live,0.6552829146385193,,,0.0
1756491483770,ADAUSDT,4h,BUY,0.815,30.67484662576687,25.0,live,0.7290984988212585,,,0.0
1756491487898,BTCUSDT,15m,SELL,108269.93,0.000230904370216181,25.0,live,0.36201193928718567,,,0.0
1756491496255,BTCUSDT,4h,SELL,108297.77,0.00023084501185943163,25.0,live,0.4537217319011688,,,0.0
1756491500608,ETHUSDT,15m,BUY,4322.93,0.005783114693043838,25.0,live,0.571953535079956,,,0.0
1756491505848,ETHUSDT,1h,BUY,4321.69,0.005784774012018447,25.0,live,0.8024328947067261,,,0.0
1756491517799,EURUSD,1h,SELL,1.169864296913147,21.36999997860098,25.0,live,0.4049423635005951,,,0.0
1756491522066,EURUSD,4h,BUY,1.169864296913147,21.36999997860098,25.0,live,0.7606858611106873,,,0.0
1756491527142,GBPUSD,15m,SELL,1.3500925302505493,18.517249329096366,25.0,live,0.4778260886669159,,,0.0
1756491531901,GBPUSD,1h,SELL,1.3500925302505493,18.517249329096366,25.0,live,0.4149954319000244,,,0.0
1756491536055,GBPUSD,4h,SELL,1.3500925302505493,18.517249329096366,25.0,live,0.43778496980667114,,,0.0
1756491542158,NVDA,15m,SELL,173.66009521484375,0.14395938208528117,25.0,live,0.46158990263938904,,,0.0
1756491550067,NVDA,1h,SELL,173.6750030517578,0.14394702496449427,25.0,live,0.41511157155036926,,,0.0
1756491555056,NVDA,4h,BUY,173.7050018310547,0.1439221653750361,25.000000000000004,live,0.5911418795585632,,,0.0
1756491559616,SOLUSDT,15m,SELL,202.06,0.12372562605166781,25.0,live,0.47474363446235657,,,0.0
1756491564116,SOLUSDT,1h,SELL,202.04,0.12373787368837855,25.0,live,0.37866246700286865,,,0.0
1756491568571,SOLUSDT,4h,SELL,202.03,0.12374399841607682,25.0,live,0.46559157967567444,,,0.0
1756491572679,TSLA,15m,SELL,333.4750061035156,0.07496813716899559,25.0,live,0.3656255900859833,,,0.0
1756491584579,US100,15m,SELL,23411.056640625,0.001067871492678281,25.0,live,0.46639975905418396,,,0.0
1756491589992,US100,1h,SELL,23411.056640625,0.001067871492678281,25.0,live,0.38321658968925476,,,0.0
1756491594484,US100,4h,BUY,23411.056640625,0.001067871492678281,25.0,live,0.7154079675674438,,,0.0
1756491599291,US500,15m,SELL,6458.35009765625,0.003870957693834615,25.0,live,0.33198264241218567,,,0.0
1756491604007,US500,1h,SELL,6458.10986328125,0.0038711016890781024,25.0,live,0.14229601621627808,,,0.0
1756491608747,US500,4h,BUY,6457.91015625,0.003871221400595805,25.0,live,0.8645597696304321,,,0.0
1756491614132,XRPUSDT,15m,SELL,2.8146,8.882256803808712,25.0,live,0.4558027386665344,,,0.0
1756491619557,XRPUSDT,1h,SELL,2.8128,8.887940841865756,25.0,live,0.45071080327033997,,,0.0
1756491624848,XRPUSDT,4h,SELL,2.8086,8.901231930499181,25.0,live,0.3397481441497803,,,0.0
1756491659373,AAPL,15m,BUY,232.24000549316406,0.10764725890749202,25.0,live,0.5333845019340515,,,0.0
1756491663646,AAPL,1h,SELL,232.24000549316406,0.10764725890749202,25.0,live,0.4521300196647644,,,0.0
1756491667751,AAPL,4h,SELL,232.3000030517578,0.10761945618412176,25.0,live,0.3972904086112976,,,0.0
1756491672556,ADAUSDT,15m,BUY,0.8146,30.689909157868893,25.0,live,0.5773389339447021,,,0.0
1756491677476,ADAUSDT,1h,BUY,0.8143,30.70121576814442,25.0,live,0.6552829146385193,,,0.0
1756491681769,ADAUSDT,4h,BUY,0.8148,30.682376043200787,25.0,live,0.7290984988212585,,,0.0
1756491686355,BTCUSDT,15m,SELL,108214.33,0.00023102300776616183,25.0,live,0.36201193928718567,,,0.0
1756491693951,BTCUSDT,4h,SELL,108227.23,0.00023099547128758633,25.0,live,0.4537217319011688,,,0.0
1756491698986,ETHUSDT,15m,BUY,4318.32,0.005789288426980863,25.0,live,0.5650821328163147,,,0.0
1756491703905,ETHUSDT,1h,BUY,4317.94,0.005789797912893649,25.0,live,0.8024328947067261,,,0.0
1756491717354,EURUSD,1h,SELL,1.169864296913147,21.36999997860098,25.0,live,0.4049423635005951,,,0.0
1756491721603,EURUSD,4h,BUY,1.169864296913147,21.36999997860098,25.0,live,0.7606858611106873,,,0.0
1756491726252,GBPUSD,15m,SELL,1.3502565622329712,18.514999815039996,25.000000000000004,live,0.4657522141933441,,,0.0
1756491730776,GBPUSD,1h,SELL,1.3502565622329712,18.514999815039996,25.000000000000004,live,0.4149954319000244,,,0.0
1756491735218,GBPUSD,4h,SELL,1.3502565622329712,18.514999815039996,25.000000000000004,live,0.43778496980667114,,,0.0
1756491739736,NVDA,15m,SELL,173.56500244140625,0.14403825453486652,25.000000000000004,live,0.38734447956085205,,,0.0
1756491745382,NVDA,1h,SELL,173.56500244140625,0.14403825453486652,25.000000000000004,live,0.41511157155036926,,,0.0
1756491751923,NVDA,4h,BUY,173.64010620117188,0.14397595432840893,24.999999999999996,live,0.5911418795585632,,,0.0
1756491757435,SOLUSDT,15m,SELL,201.76,0.1239095955590801,25.0,live,0.47474363446235657,,,0.0
1756491763865,SOLUSDT,1h,SELL,201.59,0.12401408800039684,25.0,live,0.3826005160808563,,,0.0
1756491768922,SOLUSDT,4h,SELL,201.71,0.1239403103465371,25.0,live,0.46559157967567444,,,0.0
1756491774908,TSLA,15m,SELL,332.86041259765625,0.07510655834648218,25.0,live,0.33317193388938904,,,0.0
1756491786660,US100,15m,SELL,23401.470703125,0.001068308924560948,25.0,live,0.46639975905418396,,,0.0
1756491791095,US100,1h,SELL,23401.470703125,0.001068308924560948,25.0,live,0.38321658968925476,,,0.0
1756491796084,US100,4h,BUY,23401.470703125,0.001068308924560948,25.0,live,0.7154079675674438,,,0.0
1756491800152,US500,15m,SELL,6456.22998046875,0.0038722288511452456,25.0,live,0.3642672300338745,,,0.0
1756491804696,US500,1h,SELL,6456.18994140625,0.003872252865372583,25.0,live,0.14229601621627808,,,0.0
1756491809331,US500,4h,BUY,6456.43017578125,0.0038721087844762318,25.0,live,0.8425117135047913,,,0.0
1756491814021,XRPUSDT,15m,SELL,2.8092,8.89933077032607,25.0,live,0.4558027386665344,,,0.0
1756491818144,XRPUSDT,1h,SELL,2.8091,8.899647573956072,25.0,live,0.45071080327033997,,,0.0
1756491822631,XRPUSDT,4h,SELL,2.8093,8.899013989249992,25.000000000000004,live,0.3397481441497803,,,0.0
1756491886989,AAPL,15m,BUY,232.30499267578125,0.10761714465126239,25.0,live,0.6070073843002319,,,0.0
1756491891365,AAPL,1h,SELL,232.28250122070312,0.10762756500648432,25.0,live,0.4521300196647644,,,0.0
1756491895456,AAPL,4h,SELL,232.27999877929688,0.10762872451947099,25.0,live,0.3972904086112976,,,0.0
1756491899507,ADAUSDT,15m,BUY,0.8157,30.648522741203873,25.0,live,0.5920379161834717,,,0.0
1756491903872,ADAUSDT,1h,BUY,0.8157,30.648522741203873,25.0,live,0.6552829146385193,,,0.0
1756491909067,ADAUSDT,4h,BUY,0.8157,30.648522741203873,25.0,live,0.7290984988212585,,,0.0
1756491913168,BTCUSDT,15m,SELL,108249.03,0.00023094895169037543,25.0,live,0.36201193928718567,,,0.0
1756491921506,BTCUSDT,4h,SELL,108254.0,0.00023093834869843146,25.0,live,0.4537217319011688,,,0.0
1756491925563,ETHUSDT,15m,BUY,4317.86,0.005789905184512699,25.0,live,0.5650821328163147,,,0.0
1756491936815,AAPL,15m,BUY,232.2899932861328,0.10762409368708886,25.0,live,0.6070073843002319,,,0.0
1756491941100,AAPL,1h,SELL,232.2949981689453,0.10762177488564693,25.0,live,0.4521300196647644,,,0.0
1756491945611,AAPL,4h,SELL,232.2949981689453,0.10762177488564693,25.0,live,0.3972904086112976,,,0.0
1756491949809,ADAUSDT,15m,BUY,0.8148,30.682376043200787,25.0,live,0.5773389339447021,,,0.0
1756491954627,ADAUSDT,1h,BUY,0.8149,30.678610872499696,25.0,live,0.6552829146385193,,,0.0
1756491958779,ADAUSDT,4h,BUY,0.8146,30.689909157868893,25.0,live,0.7290984988212585,,,0.0
1756491962845,BTCUSDT,15m,SELL,108200.72,0.00023105206693633832,25.0,live,0.36201193928718567,,,0.0
1756491971822,BTCUSDT,4h,SELL,108184.0,0.00023108777638098055,25.0,live,0.4537217319011688,,,0.0
1756491976542,ETHUSDT,15m,BUY,4313.55,0.005795690324674572,25.0,live,0.5226223468780518,,,0.0
1756491981081,ETHUSDT,1h,BUY,4313.08,0.00579632188598403,25.0,live,0.8024328947067261,,,0.0
1756491992939,EURUSD,1h,SELL,1.169864296913147,21.36999997860098,25.0,live,0.4049423635005951,,,0.0
1756491997849,EURUSD,4h,BUY,1.169864296913147,21.36999997860098,25.0,live,0.7606858611106873,,,0.0
1756492003851,GBPUSD,15m,SELL,1.3501836061477661,18.51600025816338,25.0,live,0.4657522141933441,,,0.0
1756492008397,GBPUSD,1h,SELL,1.3501836061477661,18.51600025816338,25.0,live,0.4149954319000244,,,0.0
1756492013443,GBPUSD,4h,SELL,1.3501836061477661,18.51600025816338,25.0,live,0.43778496980667114,,,0.0
1756492019024,NVDA,15m,SELL,173.63999938964844,0.14397604289262844,25.0,live,0.38734447956085205,,,0.0
1756492024737,NVDA,1h,SELL,173.65499877929688,0.1439636070123914,25.0,live,0.41511157155036926,,,0.0
1756492029772,NVDA,4h,BUY,173.63499450683594,0.14398019288108285,25.0,live,0.5911418795585632,,,0.0
1756492040695,SOLUSDT,1h,SELL,201.45,0.12410027302060066,25.0,live,0.3842979669570923,,,0.0
1756492045136,SOLUSDT,4h,SELL,201.42,0.12411875682653163,25.0,live,0.46559157967567444,,,0.0
1756492049417,TSLA,15m,SELL,332.67498779296875,0.0751484208832618,25.0,live,0.33317193388938904,,,0.0
1756492057533,TSLA,4h,SELL,332.6357116699219,0.07515729406951885,25.0,live,0.47823405265808105,,,0.0
1756492061601,US100,15m,SELL,23394.67578125,0.0010686192120703212,25.0,live,0.46639975905418396,,,0.0
1756492067216,US100,1h,SELL,23394.67578125,0.0010686192120703212,25.0,live,0.38321658968925476,,,0.0
1756492072232,US100,4h,BUY,23394.67578125,0.0010686192120703212,25.0,live,0.7154079675674438,,,0.0
1756492077280,US500,15m,SELL,6455.259765625,0.003872810840723695,25.0,live,0.38220393657684326,,,0.0
1756492083618,US500,1h,SELL,6455.33984375,0.0038727627987246507,25.0,live,0.14229601621627808,,,0.0
1756492088692,US500,4h,BUY,6455.47998046875,0.00387267872809431,25.0,live,0.8675583004951477,,,0.0
1756492093459,XRPUSDT,15m,SELL,2.803,8.919015340706386,25.0,live,0.4558027386665344,,,0.0
1756492099101,XRPUSDT,1h,SELL,2.8023,8.921243264461337,25.000000000000004,live,0.45071080327033997,,,0.0
1756492104445,XRPUSDT,4h,SELL,2.8023,8.921243264461337,25.000000000000004,live,0.3424172103404999,,,0.0
1756492168703,AAPL,15m,BUY,232.16000366210938,0.10768435391819485,25.0,live,0.5661829710006714,,,0.0
1756492173859,AAPL,1h,SELL,232.17599487304688,0.10767693711690532,25.0,live,0.4521300196647644,,,0.0
1756492178100,AAPL,4h,SELL,232.18499755859375,0.10767276207710642,25.0,live,0.40413689613342285,,,0.0
1756492182684,ADAUSDT,15m,BUY,0.8129,30.754090294009107,25.0,live,0.5773389339447021,,,0.0
1756492187407,ADAUSDT,1h,BUY,0.8129,30.754090294009107,25.0,live,0.6552829146385193,,,0.0
1756492192258,ADAUSDT,4h,BUY,0.813,30.75030750307503,25.0,live,0.7290984988212585,,,0.0
1756492196392,BTCUSDT,15m,SELL,108126.97,0.0002312096602725481,25.0,live,0.36201193928718567,,,0.0
1756492207466,BTCUSDT,4h,SELL,108128.06,0.00023120732953129836,25.0,live,0.4537217319011688,,,0.0
1756492212576,ETHUSDT,15m,BUY,4314.94,0.005793823320834126,25.0,live,0.5523836016654968,,,0.0
1756492218509,ETHUSDT,1h,BUY,4314.96,0.005793796466247659,25.0,live,0.8024328947067261,,,0.0
1756492231792,EURUSD,1h,SELL,1.1697274446487427,21.372500161785336,25.0,live,0.4049423635005951,,,0.0
1756492236089,EURUSD,4h,BUY,1.1697274446487427,21.372500161785336,25.0,live,0.7606858611106873,,,0.0
1756492240450,GBPUSD,15m,SELL,1.3501471281051636,18.516500520269773,25.0,live,0.4657522141933441,,,0.0
1756492245645,GBPUSD,1h,SELL,1.3501653671264648,18.516250385837623,25.0,live,0.4149954319000244,,,0.0
1756492250270,GBPUSD,4h,SELL,1.3501653671264648,18.516250385837623,25.0,live,0.43778496980667114,,,0.0
1756492254383,NVDA,15m,SELL,173.75,0.14388489208633093,25.0,live,0.4012864828109741,,,0.0
1756492259726,NVDA,1h,SELL,173.74740600585938,0.14388704024252835,25.0,live,0.39099881052970886,,,0.0
1756492264021,NVDA,4h,BUY,173.81500244140625,0.14383108275378934,24.999999999999996,live,0.5911418795585632,,,0.0
1756492269035,SOLUSDT,15m,SELL,201.5,0.12406947890818859,25.0,live,0.4743526577949524,,,0.0
1756492274442,SOLUSDT,1h,SELL,201.53,0.12405100977521957,25.0,live,0.3842979669570923,,,0.0
1756492279411,SOLUSDT,4h,SELL,201.5,0.12406947890818859,25.0,live,0.46559157967567444,,,0.0
1756492284182,TSLA,15m,SELL,332.7456970214844,0.0751324516703993,25.0,live,0.33317193388938904,,,0.0
1756492292267,TSLA,4h,SELL,332.79998779296875,0.07512019506308464,24.999999999999996,live,0.47823405265808105,,,0.0
1756492296452,US100,15m,SELL,23390.912109375,0.0010687911562875772,24.999999999999996,live,0.333305299282074,,,0.0
1756492300751,US100,1h,SELL,23390.912109375,0.0010687911562875772,24.999999999999996,live,0.38321658968925476,,,0.0
1756492305145,US100,4h,BUY,23390.912109375,0.0010687911562875772,24.999999999999996,live,0.7154079675674438,,,0.0
1756492309309,US500,15m,SELL,6457.0498046875,0.0038717372106764967,25.0,live,0.3642672300338745,,,0.0
1756492313580,US500,1h,SELL,6456.93994140625,0.003871803087354608,25.0,live,0.14229601621627808,,,0.0
1756492318509,US500,4h,BUY,6457.4501953125,0.0038714971457538523,25.0,live,0.8425117135047913,,,0.0
1756492323752,XRPUSDT,15m,SELL,2.8026,8.920288303717976,25.0,live,0.4558027386665344,,,0.0
1756492328754,XRPUSDT,1h,SELL,2.8021,8.921880018557511,25.0,live,0.45071080327033997,,,0.0
1756492334510,XRPUSDT,4h,SELL,2.8026,8.920288303717976,25.0,live,0.3424172103404999,,,0.0
1756494977032,AAPL,15m,SELL,232.49000549316406,0.10753150419076866,25.0,live,0.3604476749897003,,,0.0
1756494981271,AAPL,1h,SELL,232.49000549316406,0.10753150419076866,25.0,live,0.4521300196647644,,,0.0
1756494986226,AAPL,4h,SELL,232.51499938964844,0.1075199452320279,25.0,live,0.3963472843170166,,,0.0
1756494990896,ADAUSDT,15m,BUY,0.8206,30.465513039239582,25.0,live,0.5920379161834717,,,0.0
1756494996497,ADAUSDT,1h,BUY,0.8206,30.465513039239582,25.0,live,0.6552829146385193,,,0.0
1756495001420,ADAUSDT,4h,BUY,0.8205,30.469226081657524,25.0,live,0.7463548183441162,,,0.0
1756495006689,BTCUSDT,15m,SELL,108595.32,0.00023021249902850324,25.0,live,0.36201193928718567,,,0.0
1756495016565,BTCUSDT,4h,SELL,108595.32,0.00023021249902850324,25.0,live,0.4537217319011688,,,0.0
1756495021308,ETHUSDT,15m,BUY,4355.16,0.0057403172328915585,25.0,live,0.5296592712402344,,,0.0
1756495025931,ETHUSDT,1h,BUY,4354.49,0.005741200462051814,25.0,live,0.6067380309104919,,,0.0
1756495037436,EURUSD,1h,SELL,1.169864296913147,21.36999997860098,25.0,live,0.3930869698524475,,,0.0
1756495041739,EURUSD,4h,BUY,1.169864296913147,21.36999997860098,25.0,live,0.7617886662483215,,,0.0
1756495046346,GBPUSD,15m,SELL,1.3507307767868042,18.508499569004737,25.0,live,0.4776891767978668,,,0.0
1756495050650,GBPUSD,1h,SELL,1.3507307767868042,18.508499569004737,25.0,live,0.41309618949890137,,,0.0
1756495056065,GBPUSD,4h,SELL,1.3507307767868042,18.508499569004737,25.0,live,0.43158239126205444,,,0.0
1756495060018,NVDA,15m,BUY,174.10000610351562,0.14359562965859754,25.0,live,0.5640014410018921,,,0.0
1756495064722,NVDA,1h,SELL,174.0800018310547,0.14361213084236177,25.000000000000004,live,0.39099881052970886,,,0.0
1756495069222,NVDA,4h,BUY,174.10989379882812,0.14358747486737175,24.999999999999996,live,0.5911418795585632,,,0.0
1756495073417,SOLUSDT,15m,SELL,203.43,0.1228923954185715,25.0,live,0.47805309295654297,,,0.0
1756495077548,SOLUSDT,1h,SELL,203.35,0.12294074256208508,25.0,live,0.40437066555023193,,,0.0
1756495081628,SOLUSDT,4h,SELL,203.43,0.1228923954185715,25.0,live,0.426261842250824,,,0.0
1756495086463,TSLA,15m,SELL,332.3599853515625,0.0752196446679813,25.0,live,0.38655319809913635,,,0.0
1756495094700,TSLA,4h,SELL,332.4363098144531,0.07520237489687442,25.0,live,0.47823405265808105,,,0.0
1756495098890,US100,15m,SELL,23427.376953125,0.001067127576852569,25.0,live,0.46639975905418396,,,0.0
1756495103107,US100,1h,SELL,23427.376953125,0.001067127576852569,25.0,live,0.38321658968925476,,,0.0
1756495107267,US100,4h,BUY,23427.376953125,0.001067127576852569,25.0,live,0.7154079675674438,,,0.0
1756495111452,US500,15m,SELL,6460.06005859375,0.0038699330614957307,25.0,live,0.32245123386383057,,,0.0
1756495115767,US500,1h,SELL,6460.10009765625,0.003869909076032754,25.0,live,0.14229601621627808,,,0.0
1756495121579,US500,4h,BUY,6460.22021484375,0.003869837121427704,25.0,live,0.8568071126937866,,,0.0
1756495125979,XRPUSDT,15m,SELL,2.8221,8.858651358917118,24.999999999999996,live,0.4558027386665344,,,0.0
1756495130549,XRPUSDT,1h,SELL,2.8225,8.857395925597874,24.999999999999996,live,0.45071080327033997,,,0.0
1756495134855,XRPUSDT,4h,SELL,2.8219,8.859279209043553,25.0,live,0.3397481441497803,,,0.0
1756495199854,AAPL,15m,SELL,232.5399932861328,0.10750838875805041,25.0,live,0.43145111203193665,,,0.0
1756495203762,AAPL,1h,SELL,232.5399932861328,0.10750838875805041,25.0,live,0.4521300196647644,,,0.0
1756495208301,AAPL,4h,SELL,232.57000732421875,0.10749451439431854,25.0,live,0.3963472843170166,,,0.0
1756495212522,ADAUSDT,15m,BUY,0.8204,30.472940029254023,25.0,live,0.5920379161834717,,,0.0
1756495216591,ADAUSDT,1h,BUY,0.8199,30.491523356506892,25.0,live,0.6552829146385193,,,0.0
1756495220718,ADAUSDT,4h,BUY,0.82,30.48780487804878,25.0,live,0.7463548183441162,,,0.0
1756495225196,BTCUSDT,15m,SELL,108575.99,0.00023025348421874855,25.0,live,0.36201193928718567,,,0.0
1756495233611,BTCUSDT,4h,SELL,108591.38,0.00023022085178399978,25.0,live,0.4537217319011688,,,0.0
1756495237993,ETHUSDT,15m,BUY,4353.01,0.005743152439346567,25.0,live,0.5296592712402344,,,0.0
1756495242606,ETHUSDT,1h,BUY,4353.47,0.005742545601554622,25.000000000000004,live,0.6067380309104919,,,0.0
1756495255374,EURUSD,1h,SELL,1.1697274446487427,21.372500161785336,25.0,live,0.3930869698524475,,,0.0
1756495259572,EURUSD,4h,BUY,1.1697274446487427,21.372500161785336,25.0,live,0.7617886662483215,,,0.0
1756495264004,GBPUSD,15m,SELL,1.350712537765503,18.508749494069068,25.0,live,0.4776891767978668,,,0.0
1756495268770,GBPUSD,1h,SELL,1.350712537765503,18.508749494069068,25.0,live,0.41309618949890137,,,0.0
1756495273442,GBPUSD,4h,SELL,1.350712537765503,18.508749494069068,25.0,live,0.43158239126205444,,,0.0
1756495282493,NVDA,1h,SELL,174.2050018310547,0.14350908261661274,25.0,live,0.3691994249820709,,,0.0
1756495286569,NVDA,4h,BUY,174.20989990234375,0.14350504772699005,25.0,live,0.5911418795585632,,,0.0
1756495291192,SOLUSDT,15m,SELL,204.02,0.1225370061758651,25.0,live,0.4772984981536865,,,0.0
1756495295724,SOLUSDT,1h,SELL,204.04,0.1225249950990002,25.0,live,0.3790190815925598,,,0.0
1756495299927,SOLUSDT,4h,SELL,204.02,0.1225370061758651,25.0,live,0.4038330614566803,,,0.0
1756495304416,TSLA,15m,SELL,332.44000244140625,0.07520153957526919,25.0,live,0.38655319809913635,,,0.0
1756495312480,TSLA,4h,SELL,332.4800109863281,0.07519249029689193,25.0,live,0.47823405265808105,,,0.0
1756495316740,US100,15m,SELL,23427.376953125,0.001067127576852569,25.0,live,0.46639975905418396,,,0.0
1756495321200,US100,1h,SELL,23427.376953125,0.001067127576852569,25.0,live,0.38321658968925476,,,0.0
1756495325641,US100,4h,BUY,23434.068359375,0.0010668228673148226,25.0,live,0.7154079675674438,,,0.0
1756495329973,US500,15m,SELL,6462.10986328125,0.003868705504691901,25.0,live,0.3138212561607361,,,0.0
1756495334676,US500,1h,SELL,6462.08984375,0.0038687174899277336,25.0,live,0.14229601621627808,,,0.0
1756495339395,US500,4h,BUY,6461.93017578125,0.0038688130821496365,25.0,live,0.8174678087234497,,,0.0
1756495343557,XRPUSDT,15m,SELL,2.8291,8.83673252977979,25.0,live,0.4562389850616455,,,0.0
1756495348153,XRPUSDT,1h,SELL,2.8287,8.837982111924205,25.0,live,0.45071080327033997,,,0.0
1756495352328,XRPUSDT,4h,SELL,2.8289,8.837357276679981,24.999999999999996,live,0.3331318199634552,,,0.0
1756495420999,AAPL,1h,SELL,232.44000244140625,0.10755463662629254,25.0,live,0.4521300196647644,,,0.0
1756495425102,AAPL,4h,SELL,232.44500732421875,0.10755232081680946,25.0,live,0.3963472843170166,,,0.0
1756495429116,ADAUSDT,15m,BUY,0.8227,30.387747660143432,25.0,live,0.5920379161834717,,,0.0
1756495433301,ADAUSDT,1h,BUY,0.8228,30.384054448225573,25.0,live,0.6552829146385193,,,0.0
1756495437911,ADAUSDT,4h,BUY,0.8228,30.384054448225573,25.0,live,0.7463548183441162,,,0.0
1756495442529,BTCUSDT,15m,SELL,108607.18,0.00023018735962023875,25.0,live,0.36201193928718567,,,0.0
1756495450749,BTCUSDT,4h,SELL,108615.75,0.00023016919737699182,25.0,live,0.4537217319011688,,,0.0
1756495455339,ETHUSDT,15m,BUY,4353.87,0.005742018020749357,25.0,live,0.5296592712402344,,,0.0
1756495459733,ETHUSDT,1h,BUY,4353.97,0.005741886140694584,25.0,live,0.6067380309104919,,,0.0
1756495472060,EURUSD,1h,SELL,1.1697274446487427,21.372500161785336,25.0,live,0.3930869698524475,,,0.0
1756495476608,EURUSD,4h,BUY,1.1697274446487427,21.372500161785336,25.0,live,0.7617886662483215,,,0.0
1756495480769,GBPUSD,15m,SELL,1.350712537765503,18.508749494069068,25.0,live,0.4776891767978668,,,0.0
1756495485777,GBPUSD,1h,SELL,1.350621223449707,18.5100008543816,25.0,live,0.41309618949890137,,,0.0
1756495489931,GBPUSD,4h,SELL,1.350621223449707,18.5100008543816,25.0,live,0.43158239126205444,,,0.0
1756495497900,NVDA,1h,SELL,174.02000427246094,0.14366164455931063,25.0,live,0.39099881052970886,,,0.0
1756495502071,NVDA,4h,BUY,174.01499938964844,0.14366577644275857,25.000000000000004,live,0.5911418795585632,,,0.0
1756495508204,SOLUSDT,15m,SELL,204.09,0.12249497770591405,25.0,live,0.4772984981536865,,,0.0
1756495513461,SOLUSDT,1h,SELL,204.0,0.12254901960784313,25.0,live,0.37610238790512085,,,0.0
1756495517314,SOLUSDT,4h,SELL,204.01,0.1225430125974217,25.0,live,0.4038330614566803,,,0.0
1756495521546,TSLA,15m,SELL,332.2598876953125,0.07524230557413958,25.000000000000004,live,0.38655319809913635,,,0.0
1756495529948,TSLA,4h,SELL,332.17999267578125,0.07526040264682898,25.0,live,0.47629109025001526,,,0.0
1756495533918,US100,15m,SELL,23420.400390625,0.0010674454570813957,25.000000000000004,live,0.46639975905418396,,,0.0
1756495538293,US100,1h,SELL,23420.376953125,0.0010674465253072806,24.999999999999996,live,0.38321658968925476,,,0.0
1756495542819,US100,4h,BUY,23419.404296875,0.001067490858567052,25.0,live,0.7154079675674438,,,0.0
1756495546783,US500,15m,SELL,6459.64990234375,0.003870178783362434,25.0,live,0.32245123386383057,,,0.0
1756495551298,US500,1h,SELL,6459.7001953125,0.003870148651502638,25.0,live,0.14229601621627808,,,0.0
1756495555182,US500,4h,BUY,6459.7900390625,0.0038700948248819884,25.0,live,0.8538684844970703,,,0.0
1756495559492,XRPUSDT,15m,SELL,2.8265,8.844861135680171,25.0,live,0.4562389850616455,,,0.0
1756495563875,XRPUSDT,1h,SELL,2.827,8.843296781039971,24.999999999999996,live,0.45071080327033997,,,0.0
1756495567959,XRPUSDT,4h,SELL,2.8283,8.839232047519712,25.0,live,0.3331318199634552,,,0.0
1756495632257,AAPL,15m,SELL,232.39999389648438,0.10757315256701556,25.0,live,0.4502297639846802,,,0.0
1756495636461,AAPL,1h,SELL,232.39999389648438,0.10757315256701556,25.0,live,0.4521300196647644,,,0.0
1756495640773,AAPL,4h,SELL,232.41000366210938,0.10756851945300253,25.0,live,0.3963472843170166,,,0.0
1756495645110,ADAUSDT,15m,BUY,0.8217,30.424729219909942,25.0,live,0.5920379161834717,,,0.0
1756495649805,ADAUSDT,1h,BUY,0.8214,30.435841246652057,25.0,live,0.6552829146385193,,,0.0
1756495653991,ADAUSDT,4h,BUY,0.8214,30.435841246652057,25.0,live,0.7463548183441162,,,0.0
1756495658438,BTCUSDT,15m,SELL,108616.01,0.00023016864640857274,25.0,live,0.36201193928718567,,,0.0
1756495666191,BTCUSDT,4h,SELL,108593.08,0.00023021724772886082,25.0,live,0.4537217319011688,,,0.0
1756495674890,ETHUSDT,1h,BUY,4347.76,0.0057500874013285,25.0,live,0.6210104823112488,,,0.0
1756495688417,EURUSD,1h,SELL,1.169864296913147,21.36999997860098,25.0,live,0.3930869698524475,,,0.0
1756495693286,EURUSD,4h,BUY,1.169864296913147,21.36999997860098,25.0,live,0.7617886662483215,,,0.0
1756495698322,GBPUSD,15m,SELL,1.3507490158081055,18.50824965068983,25.0,live,0.4776891767978668,,,0.0
1756495702762,GBPUSD,1h,SELL,1.3507490158081055,18.50824965068983,25.0,live,0.41309618949890137,,,0.0
1756495706960,GBPUSD,4h,SELL,1.3507490158081055,18.50824965068983,25.0,live,0.43158239126205444,,,0.0
1756495716369,NVDA,1h,SELL,174.01499938964844,0.14366577644275857,25.000000000000004,live,0.39099881052970886,,,0.0
1756495720122,NVDA,4h,BUY,173.96499633789062,0.14370707053873485,25.0,live,0.5911418795585632,,,0.0
1756495724171,SOLUSDT,15m,SELL,204.05,0.12251899044351874,25.0,live,0.4772984981536865,,,0.0
1756495728344,SOLUSDT,1h,SELL,204.02,0.1225370061758651,25.0,live,0.37610238790512085,,,0.0
1756495732178,SOLUSDT,4h,SELL,204.02,0.1225370061758651,25.0,live,0.4038330614566803,,,0.0
1756495736067,TSLA,15m,SELL,332.1199951171875,0.07527399845703005,25.0,live,0.3767172694206238,,,0.0
1756495744360,TSLA,4h,SELL,332.07501220703125,0.0752841950794353,25.0,live,0.47629109025001526,,,0.0
1756495749737,US100,15m,SELL,23413.220703125,0.001067772790296348,25.000000000000004,live,0.46639975905418396,,,0.0
1756495755219,US100,1h,SELL,23412.490234375,0.0010678061047642922,25.0,live,0.38321658968925476,,,0.0
1756495759855,US100,4h,BUY,23411.15625,0.0010678669491174747,25.0,live,0.7154079675674438,,,0.0
1756495763982,US500,15m,SELL,6457.22998046875,0.003871629177777121,25.0,live,0.32245123386383057,,,0.0
1756495768023,US500,1h,SELL,6457.25,0.003871617174493786,25.0,live,0.14229601621627808,,,0.0
1756495772154,US500,4h,BUY,6457.27001953125,0.0038716051712848793,25.0,live,0.8425117135047913,,,0.0
1756495776987,XRPUSDT,15m,SELL,2.8275,8.841732979664014,25.0,live,0.4562389850616455,,,0.0
1756495782008,XRPUSDT,1h,SELL,2.8275,8.841732979664014,25.0,live,0.45071080327033997,,,0.0
1756495786832,XRPUSDT,4h,SELL,2.8275,8.841732979664014,25.0,live,0.3331318199634552,,,0.0
1756495852255,AAPL,15m,SELL,232.5,0.10752688172043011,25.0,live,0.46028462052345276,,,0.0
1756495857031,AAPL,1h,SELL,232.42999267578125,0.10755926854445472,25.0,live,0.4521300196647644,,,0.0
1756495861743,AAPL,4h,SELL,232.4199981689453,0.1075638937998252,25.0,live,0.3963472843170166,,,0.0
1756495867161,ADAUSDT,15m,BUY,0.8237,30.350855894136217,25.0,live,0.5870010852813721,,,0.0
1756495871315,ADAUSDT,1h,BUY,0.8233,30.365601846228593,25.0,live,0.6552829146385193,,,0.0
1756495875274,ADAUSDT,4h,BUY,0.8235,30.358227079538555,25.0,live,0.7463548183441162,,,0.0
1756495879554,BTCUSDT,15m,SELL,108703.68,0.00022998301437449038,25.0,live,0.36201193928718567,,,0.0
1756495887195,BTCUSDT,4h,SELL,108684.34,0.00023002393905138495,25.0,live,0.4537217319011688,,,0.0
1756495895448,ETHUSDT,1h,BUY,4354.01,0.005741833390368878,25.0,live,0.6067380309104919,,,0.0
1756495907577,EURUSD,1h,SELL,1.1701380014419556,21.3650013666701,25.0,live,0.3930869698524475,,,0.0
1756495911501,EURUSD,4h,BUY,1.1701380014419556,21.3650013666701,25.0,live,0.7617886662483215,,,0.0
1756495915763,GBPUSD,15m,SELL,1.3510409593582153,18.50425024262458,25.0,live,0.4776891767978668,,,0.0
1756495920110,GBPUSD,1h,SELL,1.3510409593582153,18.50425024262458,25.0,live,0.4638170301914215,,,0.0
1756495924280,GBPUSD,4h,SELL,1.3510409593582153,18.50425024262458,25.0,live,0.43158239126205444,,,0.0
1756495928582,NVDA,15m,BUY,174.02000427246094,0.14366164455931063,25.0,live,0.5958125591278076,,,0.0
1756495933720,NVDA,1h,SELL,174.02349853515625,0.14365875994010946,25.000000000000004,live,0.3407265245914459,,,0.0
1756495938177,NVDA,4h,BUY,174.0850067138672,0.1436080020440299,25.0,live,0.5911418795585632,,,0.0
1756495942929,SOLUSDT,15m,SELL,203.78,0.12268132299538718,25.0,live,0.45090046525001526,,,0.0
1756495947083,SOLUSDT,1h,SELL,203.81,0.12266326480545606,25.0,live,0.37610238790512085,,,0.0
1756495951355,SOLUSDT,4h,SELL,203.78,0.12268132299538718,25.0,live,0.408881276845932,,,0.0
1756495961271,TSLA,15m,SELL,332.8330078125,0.07511274246598655,25.000000000000004,live,0.3548973500728607,,,0.0
1756495965793,TSLA,1h,BUY,332.8392028808594,0.07511134440779445,25.0,live,0.5930614471435547,,,0.0
1756495969884,TSLA,4h,SELL,332.8399963378906,0.07511116534991379,25.0,live,0.47823405265808105,,,0.0
1756495974765,US100,15m,SELL,23418.86328125,0.0010675155194238618,24.999999999999996,live,0.46639975905418396,,,0.0
1756495979326,US100,1h,SELL,23417.46875,0.0010675790909297146,25.0,live,0.38321658968925476,,,0.0
1756496022001,US100,4h,BUY,23416.94140625,0.0010676031325477665,25.0,live,0.7154079675674438,,,0.0
1756496026890,US500,15m,SELL,6458.5,0.0038708678485716496,25.0,live,0.32245123386383057,,,0.0
1756496031020,US500,1h,SELL,6458.56982421875,0.003870826000247521,25.0,live,0.14229601621627808,,,0.0
1756496035343,US500,4h,BUY,6458.85009765625,0.0038706580307649274,25.0,live,0.8719447255134583,,,0.0
1756496039744,XRPUSDT,15m,SELL,2.826,8.846426043878273,25.0,live,0.44171956181526184,,,0.0
1756496044388,XRPUSDT,1h,SELL,2.8256,8.847678369195922,24.999999999999996,live,0.45071080327033997,,,0.0
1756496048648,XRPUSDT,4h,SELL,2.8266,8.844548220476899,25.0,live,0.3331318199634552,,,0.0
1756496113072,AAPL,15m,SELL,232.50999450683594,0.1075222596474879,25.0,live,0.43145111203193665,,,0.0
1756496118462,AAPL,1h,SELL,232.4949951171875,0.10752919643452506,25.0,live,0.4521300196647644,,,0.0
1756496122726,AAPL,4h,SELL,232.51499938964844,0.1075199452320279,25.0,live,0.3963472843170166,,,0.0
1756496128070,ADAUSDT,15m,BUY,0.8191,30.521303870101328,25.0,live,0.5920379161834717,,,0.0
1756496132404,ADAUSDT,1h,BUY,0.8193,30.513853289393385,25.0,live,0.6552829146385193,,,0.0
1756496136903,ADAUSDT,4h,BUY,0.8196,30.502684236212787,25.0,live,0.7463548183441162,,,0.0
1756496141732,BTCUSDT,15m,SELL,108403.6,0.00023061964731798575,25.0,live,0.36201193928718567,,,0.0
1756496149364,BTCUSDT,4h,SELL,108382.01,0.00023066558739776095,25.0,live,0.4537217319011688,,,0.0
1756496153635,ETHUSDT,15m,BUY,4338.91,0.005761815755569948,25.0,live,0.5343278646469116,,,0.0
1756496157791,ETHUSDT,1h,BUY,4339.34,0.005761244797595947,25.0,live,0.6527711749076843,,,0.0
1756496234007,EURUSD,1h,SELL,1.1700011491775513,21.36750038029764,25.0,live,0.3930869698524475,,,0.0
1756496239505,EURUSD,4h,BUY,1.1700011491775513,21.36750038029764,25.0,live,0.7617886662483215,,,0.0
1756496244053,GBPUSD,15m,SELL,1.3509314060211182,18.505750838698905,25.0,live,0.4776891767978668,,,0.0
1756496248756,GBPUSD,1h,SELL,1.3509314060211182,18.505750838698905,25.0,live,0.41155731678009033,,,0.0
1756496253820,GBPUSD,4h,SELL,1.3509314060211182,18.505750838698905,25.0,live,0.43158239126205444,,,0.0
1756496257586,NVDA,15m,BUY,174.0886993408203,0.1436049559486714,25.0,live,0.6027431488037109,,,0.0
1756496263120,NVDA,1h,SELL,174.1300048828125,0.14357089128220443,25.0,live,0.3407265245914459,,,0.0
1756496267835,NVDA,4h,BUY,174.13009643554688,0.1435708157966454,25.0,live,0.5911418795585632,,,0.0
1756496271995,SOLUSDT,15m,SELL,203.49,0.12285616000786279,25.0,live,0.45090046525001526,,,0.0
1756496276313,SOLUSDT,1h,SELL,203.44,0.12288635469917421,25.0,live,0.40437066555023193,,,0.0
1756496280383,SOLUSDT,4h,SELL,203.34,0.12294678862988098,25.0,live,0.4248107671737671,,,0.0
1756496285665,TSLA,15m,SELL,332.73028564453125,0.07513593164978218,25.0,live,0.3548973500728607,,,0.0
1756496289441,TSLA,1h,BUY,332.6716003417969,0.07514918608716296,25.0,live,0.5930614471435547,,,0.0
1756496293503,TSLA,4h,SELL,332.6853942871094,0.0751460702191959,24.999999999999996,live,0.47823405265808105,,,0.0
1756496297766,US100,15m,SELL,23404.48828125,0.0010681711857818404,25.0,live,0.46639975905418396,,,0.0
1756496302345,US100,1h,SELL,23404.513671875,0.0010681700269654516,25.0,live,0.38321658968925476,,,0.0
1756496306123,US100,4h,BUY,23405.478515625,0.0010681259938057038,25.000000000000004,live,0.7154079675674438,,,0.0
1756496310693,US500,15m,SELL,6455.759765625,0.00387251089068053,25.0,live,0.32245123386383057,,,0.0
1756496314862,US500,1h,SELL,6456.2900390625,0.003872192830362711,25.0,live,0.3239753842353821,,,0.0
1756496318903,US500,4h,BUY,6456.56982421875,0.0038720250350618673,25.0,live,0.8425117135047913,,,0.0
1756496322677,XRPUSDT,15m,SELL,2.8295,8.835483300936561,25.0,live,0.44171956181526184,,,0.0
1756496327353,XRPUSDT,1h,SELL,2.8296,8.835171048911507,25.0,live,0.45071080327033997,,,0.0
1756496332057,XRPUSDT,4h,SELL,2.8297,8.834858818956073,25.0,live,0.3331318199634552,,,0.0
1756496400683,AAPL,1h,SELL,232.64999389648438,0.10745755708518753,25.0,live,0.4521300196647644,,,0.0
1756496404989,AAPL,4h,SELL,232.66000366210938,0.10745293392287288,25.0,live,0.3963472843170166,,,0.0
1756496409292,ADAUSDT,15m,BUY,0.8213,30.439547059539752,25.0,live,0.5920379161834717,,,0.0
1756496413009,ADAUSDT,1h,BUY,0.821,30.450669914738125,25.0,live,0.6552829146385193,,,0.0
1756496417437,ADAUSDT,4h,BUY,0.8208,30.458089668615987,25.0,live,0.7463548183441162,,,0.0
1756496421701,BTCUSDT,15m,SELL,108454.2,0.00023051205024793878,25.0,live,0.36201193928718567,,,0.0
1756496430118,BTCUSDT,4h,SELL,108445.44,0.00023053067053810654,25.0,live,0.4537217319011688,,,0.0
1756496437511,ETHUSDT,1h,BUY,4347.32,0.005750669377915589,25.0,live,0.6210104823112488,,,0.0
1756496448791,EURUSD,1h,SELL,1.1701380014419556,21.3650013666701,25.0,live,0.3930869698524475,,,0.0
1756496453175,EURUSD,4h,BUY,1.1701380014419556,21.3650013666701,25.0,live,0.7617886662483215,,,0.0
1756496457429,GBPUSD,15m,SELL,1.3511322736740112,18.502999659700063,25.0,live,0.4776891767978668,,,0.0
1756496461818,GBPUSD,1h,SELL,1.3511322736740112,18.502999659700063,25.0,live,0.4638170301914215,,,0.0
1756496466577,GBPUSD,4h,SELL,1.3511322736740112,18.502999659700063,25.0,live,0.43158239126205444,,,0.0
1756496471447,NVDA,15m,BUY,174.23500061035156,0.14348437404898035,25.000000000000004,live,0.6027431488037109,,,0.0
1756496478382,NVDA,1h,SELL,174.25,0.14347202295552366,25.0,live,0.34253939986228943,,,0.0
1756496482167,NVDA,4h,BUY,174.27000427246094,0.14345555395129253,25.0,live,0.5911418795585632,,,0.0
1756496487139,SOLUSDT,15m,SELL,203.91,0.1226031092148497,25.0,live,0.45090046525001526,,,0.0
1756496491369,SOLUSDT,1h,SELL,203.93,0.12259108517628597,25.0,live,0.37610238790512085,,,0.0
1756496496071,SOLUSDT,4h,SELL,203.97,0.12256704417316272,25.0,live,0.4038330614566803,,,0.0
1756496499957,TSLA,15m,SELL,333.03009033203125,0.07506829180232627,25.0,live,0.3548973500728607,,,0.0
1756496503673,TSLA,1h,BUY,333.02081298828125,0.07507038306605698,25.0,live,0.5930614471435547,,,0.0
1756496512853,US100,15m,SELL,23408.296875,0.0010679973914163715,25.0,live,0.46639975905418396,,,0.0
1756496517191,US100,1h,SELL,23408.296875,0.0010679973914163715,25.0,live,0.38321658968925476,,,0.0
1756496521752,US100,4h,BUY,23408.296875,0.0010679973914163715,25.0,live,0.7154079675674438,,,0.0
1756496526289,US500,15m,SELL,6458.759765625,0.003870712165678577,25.0,live,0.32245123386383057,,,0.0
1756496530316,US500,1h,SELL,6458.81982421875,0.003870676173107827,25.0,live,0.14229601621627808,,,0.0
1756496534437,US500,4h,BUY,6459.02978515625,0.0038705503506816894,25.0,live,0.8719447255134583,,,0.0
1756496538661,XRPUSDT,15m,SELL,2.8328,8.82519062411748,25.0,live,0.44171956181526184,,,0.0
1756496543038,XRPUSDT,1h,SELL,2.8327,8.825502171073534,25.0,live,0.4510091543197632,,,0.0
1756496547225,XRPUSDT,4h,SELL,2.8323,8.82674857889348,25.0,live,0.3331318199634552,,,0.0
1756496615453,AAPL,1h,SELL,232.77000427246094,0.10740215466395364,25.0,live,0.4521300196647644,,,0.0
1756496620306,AAPL,4h,SELL,232.75999450683594,0.10740677345765177,25.0,live,0.3963472843170166,,,0.0
1756496624410,ADAUSDT,15m,BUY,0.8215,30.432136335970785,25.0,live,0.5920379161834717,,,0.0
1756496629897,ADAUSDT,1h,BUY,0.8217,30.424729219909942,25.0,live,0.6552829146385193,,,0.0
1756496634176,ADAUSDT,4h,BUY,0.8217,30.424729219909942,25.0,live,0.7463548183441162,,,0.0
1756496639568,BTCUSDT,15m,SELL,108514.58,0.00023038378805871062,25.0,live,0.36201193928718567,,,0.0
1756496647458,BTCUSDT,4h,SELL,108549.16,0.00023031039576906906,25.0,live,0.4537217319011688,,,0.0
1756496655767,ETHUSDT,1h,BUY,4350.83,0.005746030067826139,25.0,live,0.6355140805244446,,,0.0
1756496667934,EURUSD,1h,SELL,1.1701380014419556,21.3650013666701,25.0,live,0.3930869698524475,,,0.0
1756496672108,EURUSD,4h,BUY,1.1701380014419556,21.3650013666701,25.0,live,0.7617886662483215,,,0.0
1756496677221,GBPUSD,15m,SELL,1.35111403465271,18.50324943625206,25.0,live,0.4776891767978668,,,0.0
1756496681854,GBPUSD,1h,SELL,1.35111403465271,18.50324943625206,25.0,live,0.4638170301914215,,,0.0
1756496686257,GBPUSD,4h,SELL,1.3512600660324097,18.5012497804404,25.0,live,0.43484964966773987,,,0.0
1756496691134,NVDA,15m,BUY,174.38499450683594,0.14336095872641147,24.999999999999996,live,0.6233277916908264,,,0.0
1756496696370,NVDA,1h,SELL,174.38580322265625,0.14336029388860247,25.0,live,0.39874041080474854,,,0.0
1756496700622,NVDA,4h,BUY,174.375,0.14336917562724014,25.0,live,0.5911418795585632,,,0.0
1756496706306,SOLUSDT,15m,SELL,203.95,0.1225790634959549,25.0,live,0.4625121057033539,,,0.0
1756496710713,SOLUSDT,1h,SELL,203.96,0.12257305353990978,25.0,live,0.37610238790512085,,,0.0
1756496715607,SOLUSDT,4h,SELL,204.0,0.12254901960784313,25.0,live,0.4038330614566803,,,0.0
1756496720723,TSLA,15m,SELL,333.2300109863281,0.07502325473627797,25.0,live,0.3948413133621216,,,0.0
1756496725627,TSLA,1h,BUY,333.3599853515625,0.0749940037753329,24.999999999999996,live,0.5930614471435547,,,0.0
1756496733769,US100,15m,SELL,23429.244140625,0.0010670425323987041,25.0,live,0.46639975905418396,,,0.0
1756496738475,US100,1h,SELL,23430.26171875,0.0010669961906568813,25.000000000000004,live,0.38321658968925476,,,0.0
1756496743344,US100,4h,BUY,23428.16796875,0.0010670915469509442,24.999999999999996,live,0.7154079675674438,,,0.0
1756496747406,US500,15m,SELL,6460.58984375,0.003869615716927936,25.0,live,0.3138212561607361,,,0.0
1756496751525,US500,1h,SELL,6460.47998046875,0.0038696815214318003,25.0,live,0.14229601621627808,,,0.0
1756496755509,US500,4h,BUY,6460.3701171875,0.003869747328173771,25.0,live,0.8568071126937866,,,0.0
1756496759497,XRPUSDT,15m,SELL,2.836,8.815232722143865,25.0,live,0.4436972737312317,,,0.0
1756496764462,XRPUSDT,1h,SELL,2.8357,8.816165320732095,25.000000000000004,live,0.4510091543197632,,,0.0
1756496769457,XRPUSDT,4h,SELL,2.8362,8.814611099358297,25.0,live,0.3331318199634552,,,0.0
1756496838781,AAPL,1h,SELL,232.5500030517578,0.10750376122091833,25.0,live,0.4521300196647644,,,0.0
1756496843068,AAPL,4h,SELL,232.5500030517578,0.10750376122091833,25.0,live,0.3963472843170166,,,0.0
1756496847070,ADAUSDT,15m,BUY,0.823,30.376670716889432,25.0,live,0.5706075429916382,,,0.0
1756496851515,ADAUSDT,1h,BUY,0.8234,30.361914015059508,25.0,live,0.6552829146385193,,,0.0
1756496855746,ADAUSDT,4h,BUY,0.8234,30.361914015059508,25.0,live,0.7463548183441162,,,0.0
1756496859897,BTCUSDT,15m,SELL,108596.12,0.00023021080311156605,25.0,live,0.36201193928718567,,,0.0
1756496867216,BTCUSDT,4h,SELL,108623.99,0.00023015173719912146,25.0,live,0.4537217319011688,,,0.0
1756496875980,ETHUSDT,1h,BUY,4359.64,0.005734418438219669,25.0,live,0.5894994735717773,,,0.0
1756496889388,EURUSD,1h,SELL,1.1702749729156494,21.362500761435953,25.0,live,0.3930869698524475,,,0.0
1756496893666,EURUSD,4h,BUY,1.1702749729156494,21.362500761435953,25.0,live,0.7617886662483215,,,0.0
1756496897761,GBPUSD,15m,SELL,1.3512418270111084,18.50149950975021,25.0,live,0.4731113612651825,,,0.0
1756496902379,GBPUSD,1h,SELL,1.3512418270111084,18.50149950975021,25.0,live,0.4638170301914215,,,0.0
1756496906883,GBPUSD,4h,SELL,1.3512418270111084,18.50149950975021,25.0,live,0.43484964966773987,,,0.0
1756496910972,NVDA,15m,BUY,174.30999755859375,0.14342263983794923,25.0,live,0.5758463144302368,,,0.0
1756496916426,NVDA,1h,SELL,174.31500244140625,0.14341852192787266,25.0,live,0.39874041080474854,,,0.0
1756496920479,NVDA,4h,BUY,174.31500244140625,0.14341852192787266,25.0,live,0.5911418795585632,,,0.0
1756496924725,SOLUSDT,15m,SELL,204.38,0.12232116645464332,25.0,live,0.4625121057033539,,,0.0
1756496929623,SOLUSDT,1h,SELL,204.33,0.12235109871286644,25.0,live,0.37586721777915955,,,0.0
1756496933811,SOLUSDT,4h,SELL,204.31,0.12236307571827125,25.0,live,0.414060115814209,,,0.0
1756496937802,TSLA,15m,SELL,333.4800109863281,0.07496701204386412,25.0,live,0.3948413133621216,,,0.0
1756496942318,TSLA,1h,BUY,333.4849853515625,0.07496589381271485,25.0,live,0.5930614471435547,,,0.0
1756496950241,US100,15m,SELL,23431.6875,0.0010669312656205407,25.000000000000004,live,0.46639975905418396,,,0.0
1756496954534,US100,1h,SELL,23431.6875,0.0010669312656205407,25.000000000000004,live,0.38321658968925476,,,0.0
1756496959170,US100,4h,BUY,23431.6875,0.0010669312656205407,25.000000000000004,live,0.7154079675674438,,,0.0
1756496963695,US500,15m,SELL,6459.77978515625,0.0038701009680619162,25.0,live,0.3138212561607361,,,0.0
1756496968802,US500,1h,SELL,6459.72021484375,0.0038701366573977397,25.0,live,0.14229601621627808,,,0.0
1756496972890,US500,4h,BUY,6459.18994140625,0.0038704543800049908,25.0,live,0.8674572110176086,,,0.0
1756496976901,XRPUSDT,15m,SELL,2.833,8.824567596187785,24.999999999999996,live,0.4436972737312317,,,0.0
